model_name,gen/frds,gen/anatomically_valid,loss/dsc
pc-4-ws-6420-b-1,75.0674819946289,0.9079925417900085,0.9773553013801575
pc-4-ws-6420-b-2,50.58241271972656,0.9340148568153381,0.9742936491966248
pc-4-ws-6420-b-5,69.54044342041016,0.9488847851753235,0.9675918221473694
pc-4-ws-6420-b-10,47.136741638183594,0.9665427803993225,0.9615176916122437
